Ticker,Momentum,Rank_Mom,Group_Rank_1_to_100,Score,FIP,Close,Positive,Negative
HINDCOPPER,160.28286020936125,1.0,1,100,-11.29032258064516,566.3,55.64516129032258,44.354838709677416
NATIONALUM,93.77673177220287,2.0,1,100,-17.741935483870968,354.6,58.87096774193549,41.12903225806452
BHARATFORG,75.1892595195532,3.0,1,100,-18.5483870967742,1911.2,58.87096774193549,40.32258064516129
MCX,67.78926800492937,4.0,1,100,-12.903225806451623,2443.3,56.451612903225815,43.54838709677419
ASHOKLEY,67.68340570158655,5.0,1,100,-17.741935483870968,211.1,58.87096774193549,41.12903225806452
VEDL,65.35598762167687,6.0,2,99,-24.19354838709677,718.4,62.096774193548384,37.903225806451616
UNIONBANK,64.88998572183479,7.0,2,99,-20.967741935483872,202.27,60.483870967741936,39.516129032258064
SHRIRAMFIN,63.607657922876214,8.0,2,99,-17.741935483870968,1079.4,58.87096774193549,41.12903225806452
BANKINDIA,63.574143902322724,9.0,2,99,-24.19354838709677,176.05,62.096774193548384,37.903225806451616
NETWEB,62.43753935801153,10.0,2,99,-6.451612903225801,3861.4,53.2258064516129,46.774193548387096
MRPL,61.04837443986328,11.0,3,98,3.225806451612897,196.65,48.38709677419355,51.61290322580645
SBIN,57.65437465768575,12.0,3,98,-20.967741935483872,1201.7,60.483870967741936,39.516129032258064
INDIANB,56.972496861329034,13.0,3,98,-17.741935483870968,990.5,58.87096774193549,41.12903225806452
FEDERALBNK,56.12299356921313,14.0,3,98,-17.741935483870968,299.85,58.87096774193549,41.12903225806452
CANBK,55.22193114945828,15.0,3,98,-15.322580645161295,157.37,57.25806451612904,41.935483870967744
M&MFIN,53.0351552411294,16.0,4,97,-16.935483870967744,374.3,58.06451612903226,41.12903225806452
KARURVYSYA,52.0725154728743,17.0,4,97,-6.451612903225801,326.2,53.2258064516129,46.774193548387096
KIRLOSENG,51.85923629660974,18.0,4,97,-2.4193548387096726,1393.2,50.806451612903224,48.38709677419355
MAHABANK,51.53533879194894,19.0,4,97,-13.709677419354847,74.76,56.451612903225815,42.74193548387097
CHENNPETRO,48.69918145758887,20.0,4,97,3.225806451612897,961.95,47.58064516129033,50.806451612903224
APARINDS,47.44290671859193,21.0,5,96,-4.032258064516121,11180.5,51.61290322580645,47.58064516129033
HINDZINC,47.4081749335368,22.0,5,96,-8.870967741935488,603.8,54.03225806451613,45.16129032258064
GRAPHITE,46.52268415312524,23.0,5,96,-6.451612903225801,718.1,53.2258064516129,46.774193548387096
JKTYRE,44.64970156610397,24.0,5,96,-8.064516129032256,501.1,54.03225806451613,45.96774193548387
CUB,43.59425542186264,25.0,5,96,-4.838709677419345,283.05,52.41935483870967,47.58064516129033
GESHIP,42.45512861333432,26.0,6,95,-11.29032258064516,1338.9,55.64516129032258,44.354838709677416
TMCV,42.030229773594186,27.0,6,95,-25.333333333333336,505.3,62.66666666666667,37.333333333333336
TATASTEEL,40.859710903454705,28.0,6,95,-6.451612903225801,212.33,53.2258064516129,46.774193548387096
DATAPATTNS,36.773969659292405,29.0,6,95,-8.064516129032256,3210.2,54.03225806451613,45.96774193548387
POWERINDIA,36.36065808916911,30.0,6,95,-12.096774193548384,25562.0,55.64516129032258,43.54838709677419
AUBANK,36.143429752956436,31.0,7,94,-1.6129032258064484,958.35,50.806451612903224,49.193548387096776
SAIL,36.07654995674068,32.0,7,94,-20.967741935483872,165.71,60.483870967741936,39.516129032258064
IDBI,35.88688761260508,33.0,7,94,1.6129032258064484,116.01,49.193548387096776,50.806451612903224
IOC,35.353294415888456,34.0,7,94,-12.903225806451623,187.47,56.451612903225815,43.54838709677419
MOTHERSON,35.20109384480734,35.0,7,94,-10.483870967741936,133.34,54.83870967741935,44.354838709677416
IDEA,35.1832964962318,36.0,8,93,-0.8064516129032242,10.59,50.0,49.193548387096776
BANKBARODA,35.03948116899775,37.0,8,93,-12.903225806451623,321.95,56.451612903225815,43.54838709677419
HINDALCO,33.94413252886683,38.0,8,93,-20.967741935483872,924.7,60.483870967741936,39.516129032258064
KEI,33.25566005958414,39.0,8,93,-12.903225806451623,5080.4,56.451612903225815,43.54838709677419
ADANIENSOL,31.648001972081595,40.0,8,93,-8.064516129032256,1011.55,54.03225806451613,45.96774193548387
SCI,31.579907478316827,41.0,9,92,-8.064516129032256,263.47,54.03225806451613,45.96774193548387
NAVINFLUOR,31.281312793709382,42.0,9,92,-9.677419354838712,6256.5,54.83870967741935,45.16129032258064
RRKABEL,30.333625414527887,43.0,9,92,-12.903225806451623,1562.6,56.451612903225815,43.54838709677419
AXISBANK,29.883874095678763,44.0,9,92,-11.29032258064516,1383.9,55.64516129032258,44.354838709677416
BSE,29.350520473768427,45.0,9,92,-4.838709677419345,2707.1,52.41935483870967,47.58064516129033
EICHERMOT,29.30596511922474,46.0,10,91,-8.064516129032256,8010.5,54.03225806451613,45.96774193548387
JINDALSTEL,29.087312445648685,47.0,10,91,-14.516129032258071,1244.2,57.25806451612904,42.74193548387097
MUTHOOTFIN,29.01728612880403,48.0,10,91,-14.516129032258071,3353.5,57.25806451612904,42.74193548387097
TORNTPOWER,28.959988985816775,49.0,10,91,-12.903225806451623,1566.4,56.451612903225815,43.54838709677419
GVT&D,28.82341354801985,50.0,10,91,-4.838709677419345,3850.2,52.41935483870967,47.58064516129033
PTCIL,28.80787839769061,51.0,11,90,-3.225806451612897,17936.0,51.61290322580645,48.38709677419355
PNB,28.74205471804807,52.0,11,90,-11.29032258064516,129.44,55.64516129032258,44.354838709677416
SUNDARMFIN,28.247740060044446,53.0,11,90,-9.677419354838712,5509.5,54.83870967741935,45.16129032258064
CUMMINSIND,27.737968910053578,54.0,11,90,-11.29032258064516,4898.3,55.64516129032258,44.354838709677416
BHEL,27.585695553141033,55.0,11,90,-20.967741935483872,264.95,59.67741935483871,38.70967741935484
APLAPOLLO,27.278627155030733,56.0,12,89,-20.967741935483872,2234.6,60.483870967741936,39.516129032258064
INDUSTOWER,26.29865383247687,57.0,12,89,-6.451612903225801,454.95,53.2258064516129,46.774193548387096
RBLBANK,25.859127449483267,58.0,12,89,1.6129032258064484,319.75,49.193548387096776,50.806451612903224
HEG,25.83396455533493,59.0,12,89,-9.677419354838712,577.7,54.83870967741935,45.16129032258064
VTL,25.49854077993836,60.0,12,89,3.225806451612897,542.55,48.38709677419355,51.61290322580645
BEL,24.81771692783972,61.0,13,88,-6.451612903225801,444.7,52.41935483870967,45.96774193548387
POLYCAB,24.384813132013726,62.0,13,88,-8.064516129032256,8610.5,54.03225806451613,45.96774193548387
JSWSTEEL,23.675039444069657,63.0,13,88,-12.096774193548384,1264.7,55.64516129032258,43.54838709677419
INDUSINDBK,23.49634582113824,64.0,13,88,-2.4193548387096726,956.75,50.806451612903224,48.38709677419355
BPCL,23.13849202351308,65.0,13,88,3.225806451612897,385.4,48.38709677419355,51.61290322580645
GMDCLTD,23.132070516095737,66.0,14,87,8.870967741935488,569.4,45.16129032258064,54.03225806451613
J&KBANK,22.78321631578408,67.0,14,87,-6.451612903225801,121.39,53.2258064516129,46.774193548387096
LTF,22.776094754662935,68.0,14,87,-6.451612903225801,283.95,53.2258064516129,46.774193548387096
LAURUSLABS,22.451745865986993,69.0,14,87,-8.064516129032256,1075.8,54.03225806451613,45.96774193548387
NLCINDIA,22.285619791819002,70.0,14,87,9.677419354838712,260.05,45.16129032258064,54.83870967741935
LT,21.943664649974703,71.0,15,86,-6.451612903225801,4278.3,53.2258064516129,46.774193548387096
ONGC,21.534665481734237,72.0,15,86,-3.225806451612897,279.7,51.61290322580645,48.38709677419355
OIL,21.4507209168066,73.0,15,86,-1.6129032258064484,483.9,50.806451612903224,49.193548387096776
CHOLAFIN,21.077082074660105,74.0,15,86,-1.6129032258064484,1730.8,50.806451612903224,49.193548387096776
SAMMAANCAP,20.87634921386512,75.0,15,86,-3.225806451612897,149.91,51.61290322580645,48.38709677419355
AUROPHARMA,20.382084983939073,76.0,16,85,6.451612903225801,1220.4,46.774193548387096,53.2258064516129
IIFL,20.356464932626128,77.0,16,85,-0.8064516129032242,496.2,50.0,49.193548387096776
BAJFINANCE,20.211060806099603,78.0,16,85,-8.870967741935488,995.9,54.03225806451613,45.16129032258064
TRIVENI,20.17544447193462,79.0,16,85,4.838709677419352,394.9,46.774193548387096,51.61290322580645
NAM-INDIA,20.141067806857627,80.0,16,85,4.838709677419345,931.2,47.58064516129033,52.41935483870967
ABB,19.840889495665557,81.0,17,84,-8.064516129032256,6073.0,54.03225806451613,45.96774193548387
ABCAPITAL,19.299016461954153,82.0,17,84,-3.225806451612897,344.45,51.61290322580645,48.38709677419355
SONACOMS,19.290761403464373,83.0,17,84,3.225806451612897,534.5,48.38709677419355,51.61290322580645
TITAN,19.064360659461286,84.0,17,84,0.0,4327.5,50.0,50.0
IPCALAB,18.81548644114186,85.0,17,84,9.677419354838712,1528.9,45.16129032258064,54.83870967741935
PETRONET,18.711029439318906,86.0,18,83,0.0,323.4,50.0,50.0
COALINDIA,18.655555015126236,87.0,18,83,-9.677419354838712,430.65,54.83870967741935,45.16129032258064
TORNTPHARM,18.26777487671056,88.0,18,83,-6.451612903225801,4333.3,53.2258064516129,46.774193548387096
JBCHEPHARM,18.184279179074036,89.0,18,83,3.225806451612897,2053.5,48.38709677419355,51.61290322580645
GMRAIRPORT,18.094071177085368,90.0,18,83,-1.6129032258064484,100.63,50.806451612903224,49.193548387096776
REDINGTON,17.838947193471675,91.0,19,82,9.677419354838712,280.45,45.16129032258064,54.83870967741935
GPPL,17.74964463111104,92.0,19,82,-11.29032258064516,176.87,55.64516129032258,44.354838709677416
NTPC,17.302810984313723,93.0,19,82,-8.064516129032256,381.9,52.41935483870967,44.354838709677416
BANDHANBNK,17.250920811451564,94.0,19,82,1.6129032258064484,181.98,48.38709677419355,50.0
ADANIPORTS,17.225872720604542,95.0,19,82,-0.8064516129032242,1521.0,50.0,49.193548387096776
LUPIN,17.141598773384615,96.0,20,81,-9.677419354838712,2301.9,54.83870967741935,45.16129032258064
AIAENG,16.29043502981189,97.0,20,81,-5.6451612903225765,3851.6,52.41935483870967,46.774193548387096
CENTRALBK,16.18876672319678,98.0,20,81,-1.6129032258064484,40.07,50.806451612903224,49.193548387096776
SAILIFE,15.767785179845895,99.0,20,81,-6.451612903225801,998.25,53.2258064516129,46.774193548387096
NMDC,15.716953894672447,100.0,20,81,-5.6451612903225765,81.74,52.41935483870967,46.774193548387096
CANFINHOME,15.587397827012506,101.0,21,80,-8.064516129032256,843.4,54.03225806451613,45.96774193548387
CCL,15.4987215258253,102.0,21,80,8.064516129032256,1014.95,45.96774193548387,54.03225806451613
GLENMARK,15.188938458082312,103.0,21,80,-4.032258064516121,2136.7,51.61290322580645,47.58064516129033
AARTIIND,14.725832979642938,104.0,21,80,14.516129032258071,447.15,42.74193548387097,57.25806451612904
HINDPETRO,14.615174379652807,105.0,21,80,-0.8064516129032242,438.75,50.0,49.193548387096776
TIMKEN,14.478133477462096,106.0,22,79,-9.677419354838712,3472.9,54.83870967741935,45.16129032258064
VOLTAS,14.297979631357393,107.0,22,79,-5.6451612903225765,1561.3,52.41935483870967,46.774193548387096
WELSPUNLIV,13.855472779306721,108.0,22,79,11.29032258064516,125.33,44.354838709677416,55.64516129032258
3MINDIA,13.390641361859256,109.0,22,79,12.096774193548384,37505.0,42.74193548387097,54.83870967741935
LTIM,13.372417614327837,110.0,22,79,5.6910569105691025,4504.0,47.15447154471545,52.84552845528455
ELGIEQUIP,13.091074507515366,111.0,23,78,12.903225806451623,534.75,43.54838709677419,56.451612903225815
NESTLEIND,12.813756744823102,112.0,23,78,0.0,1291.7,50.0,50.0
RAMCOCEM,12.585666155508669,113.0,23,78,-4.838709677419345,1129.8,52.41935483870967,47.58064516129033
ASTRAL,12.497583454176532,114.0,23,78,-1.6129032258064484,1667.9,50.0,48.38709677419355
GPIL,12.339717113677406,115.0,23,78,-5.6451612903225765,266.02,52.41935483870967,46.774193548387096
NATCOPHARM,12.213085751259856,116.0,24,77,-3.225806451612897,988.5,51.61290322580645,48.38709677419355
SBILIFE,11.859147650403745,117.0,24,77,-4.838709677419345,2037.2,52.41935483870967,47.58064516129033
HSCL,11.008896885242336,118.0,24,77,3.225806451612897,484.85,48.38709677419355,51.61290322580645
AJANTPHARM,10.996722315914775,119.0,24,77,-4.032258064516121,2993.9,51.61290322580645,47.58064516129033
SIEMENS,10.959595160190672,120.0,24,77,-9.677419354838712,3418.6,54.83870967741935,45.16129032258064
TVSMOTOR,10.873862857348925,121.0,25,76,-8.064516129032256,3869.7,54.03225806451613,45.96774193548387
PGEL,10.545974749054409,122.0,25,76,9.677419354838712,627.9,45.16129032258064,54.83870967741935
INDIACEM,10.22272140153997,123.0,25,76,0.0,406.0,50.0,50.0
USHAMART,10.05286496121256,124.0,25,76,8.870967741935488,418.4,45.16129032258064,54.03225806451613
BAJAJ-AUTO,9.851330618056743,125.0,25,76,-3.225806451612897,9972.5,51.61290322580645,48.38709677419355
BIOCON,9.71803428880811,126.0,26,75,-13.709677419354847,389.8,56.451612903225815,42.74193548387097
CEATLTD,9.31099323972524,127.0,26,75,8.064516129032256,3531.4,45.96774193548387,54.03225806451613
LINDEINDIA,8.938637914937232,128.0,26,75,11.29032258064516,6730.0,44.354838709677416,55.64516129032258
SYRMA,8.920344683634562,129.0,26,75,4.838709677419345,822.25,47.58064516129033,52.41935483870967
IDFCFIRSTB,8.698161509948466,130.0,26,75,1.6129032258064484,73.48,48.38709677419355,50.0
TATACONSUM,8.313877469558651,131.0,27,74,-4.838709677419345,1141.0,52.41935483870967,47.58064516129033
POONAWALLA,8.143694534956559,132.0,27,74,4.838709677419345,454.8,47.58064516129033,52.41935483870967
ADANIPOWER,8.142468703910154,133.0,27,74,6.451612903225801,140.11,46.774193548387096,53.2258064516129
POWERGRID,8.028742408875145,134.0,27,74,-3.225806451612897,298.65,51.61290322580645,48.38709677419355
360ONE,7.989584496195978,135.0,27,74,0.0,1103.6,50.0,50.0
NYKAA,7.920921097459943,136.0,28,73,-1.6129032258064484,265.48,50.806451612903224,49.193548387096776
ENGINERSIN,7.867652860259233,137.0,28,73,4.838709677419345,221.75,47.58064516129033,52.41935483870967
ALKEM,7.784570257543044,138.0,28,73,-4.032258064516121,5639.5,51.61290322580645,47.58064516129033
SUNPHARMA,7.6190904630463185,139.0,28,73,-17.741935483870968,1737.0,58.87096774193549,41.12903225806452
HEROMOTOCO,6.986426200313822,140.0,28,73,-4.838709677419345,5710.0,52.41935483870967,47.58064516129033
UNITDSPR,6.972881246573293,141.0,29,72,-12.903225806451623,1380.8,56.451612903225815,43.54838709677419
IFCI,6.905414423309031,142.0,29,72,4.838709677419345,59.98,47.58064516129033,52.41935483870967
SCHAEFFLER,6.803542606388602,143.0,29,72,-3.225806451612897,4357.2,51.61290322580645,48.38709677419355
ADANIGREEN,6.624326061621089,144.0,29,72,4.838709677419345,947.35,47.58064516129033,52.41935483870967
MMTC,6.581139455315177,145.0,29,72,8.870967741935488,61.82,45.16129032258064,54.03225806451613
MARICO,6.550078383787672,146.0,30,71,1.6129032258064484,788.65,49.193548387096776,50.806451612903224
YESBANK,6.534243728988587,147.0,30,71,-0.8064516129032242,20.72,49.193548387096776,48.38709677419355
FLUOROCHEM,6.317017992864726,148.0,30,71,4.838709677419345,3483.3,47.58064516129033,52.41935483870967
MANAPPURAM,6.236595922327903,149.0,30,71,2.4193548387096726,283.25,48.38709677419355,50.806451612903224
BRITANNIA,6.1893426705449395,150.0,30,71,4.838709677419345,6002.5,47.58064516129033,52.41935483870967
RELIANCE,6.152840154315786,151.0,31,70,-5.6451612903225765,1393.9,52.41935483870967,46.774193548387096
PHOENIXLTD,6.017488303481167,152.0,31,70,-3.225806451612897,1658.6,51.61290322580645,48.38709677419355
BAJAJFINSV,5.994674528739297,153.0,31,70,-3.225806451612897,1993.4,50.806451612903224,47.58064516129033
MFSL,5.952938273621022,154.0,31,70,-3.225806451612897,1813.4,51.61290322580645,48.38709677419355
ATUL,5.466723913147553,155.0,31,70,4.838709677419345,6674.0,47.58064516129033,52.41935483870967
DIVISLAB,5.3776571420803165,156.0,32,69,-2.4193548387096726,6408.5,50.806451612903224,48.38709677419355
INOXINDIA,5.260710398440982,157.0,32,69,-0.8064516129032242,1163.0,50.0,49.193548387096776
MARUTI,5.169642066945168,158.0,32,69,0.0,14857.0,50.0,50.0
ASTERDM,5.069930370846953,159.0,32,69,-1.6129032258064484,654.6,50.806451612903224,49.193548387096776
JSL,4.695682787974453,160.0,32,69,-12.096774193548384,776.35,55.64516129032258,43.54838709677419
SUNTV,4.644936793685117,161.0,33,68,7.258064516129025,647.65,45.96774193548387,53.2258064516129
ANGELONE,4.638016943181467,162.0,33,68,-1.6129032258064484,233.2,50.806451612903224,49.193548387096776
UCOBANK,4.287920037782045,163.0,33,68,6.451612903225801,29.62,46.774193548387096,53.2258064516129
GRSE,4.226208427091205,164.0,33,68,14.516129032258071,2434.1,42.74193548387097,57.25806451612904
MINDACORP,3.9013365797166966,165.0,33,68,9.677419354838712,555.55,45.16129032258064,54.83870967741935
PFC,3.607569413456413,166.0,34,67,-4.838709677419345,413.8,52.41935483870967,47.58064516129033
DRREDDY,3.605069838209163,167.0,34,67,-6.451612903225801,1286.3,53.2258064516129,46.774193548387096
CESC,3.5861536196968746,168.0,34,67,5.6451612903225765,158.15,46.774193548387096,52.41935483870967
GRANULES,3.5151910281412846,169.0,34,67,-0.8064516129032242,582.25,50.0,49.193548387096776
ICICIPRULI,3.479173711128647,170.0,34,67,-1.6129032258064484,654.5,50.806451612903224,49.193548387096776
RVNL,3.454180721162947,171.0,35,66,16.12903225806452,316.35,41.935483870967744,58.06451612903226
HONASA,3.3907375639709247,172.0,35,66,7.258064516129025,303.0,45.96774193548387,53.2258064516129
GICRE,3.3228612706822203,173.0,35,66,11.29032258064516,383.05,44.354838709677416,55.64516129032258
KIMS,3.1697853111838814,174.0,35,66,7.258064516129025,745.05,45.96774193548387,53.2258064516129
PNBHOUSING,3.0150327251101894,175.0,35,66,-6.451612903225801,824.75,53.2258064516129,46.774193548387096
SCHNEIDER,2.9166612292835348,176.0,36,65,11.29032258064516,906.45,44.354838709677416,55.64516129032258
CRAFTSMAN,2.683177422680738,177.0,36,65,10.483870967741936,7526.0,44.354838709677416,54.83870967741935
NUVAMA,2.2977951470813274,178.0,36,65,4.838709677419345,1244.9,47.58064516129033,52.41935483870967
BALKRISIND,2.254775311210455,179.0,36,65,11.29032258064516,2383.9,44.354838709677416,55.64516129032258
BSOFT,1.7601852772288096,180.0,36,65,0.0,390.1,50.0,50.0
ANANDRATHI,1.655014858711601,181.0,37,64,-4.838709677419345,3075.9,52.41935483870967,47.58064516129033
ULTRACEMCO,1.6261649133626488,182.0,37,64,3.225806451612897,12677.0,48.38709677419355,51.61290322580645
FINCABLES,1.5628657360054587,183.0,37,64,6.451612903225801,913.7,46.774193548387096,53.2258064516129
AKUMS,1.4851137608890674,184.0,37,64,4.032258064516121,488.15,47.58064516129033,51.61290322580645
STARHEALTH,1.4634417261205401,185.0,37,64,9.677419354838712,465.5,45.16129032258064,54.83870967741935
ASAHIINDIA,1.4023730845779792,186.0,38,63,11.29032258064516,900.7,44.354838709677416,55.64516129032258
CENTURYPLY,1.3863957817629835,187.0,38,63,3.225806451612897,735.05,48.38709677419355,51.61290322580645
FORTIS,1.0910664073277898,188.0,38,63,10.483870967741936,942.65,44.354838709677416,54.83870967741935
GRASIM,0.8107056327092632,189.0,38,63,-3.225806451612897,2799.8,51.61290322580645,48.38709677419355
MSUMI,0.7043632429645452,190.0,38,63,14.516129032258071,43.2,42.74193548387097,57.25806451612904
M&M,0.6682530239055184,191.0,39,62,1.6129032258064484,3397.4,49.193548387096776,50.806451612903224
TATAPOWER,0.4743527314043261,192.0,39,62,-1.6129032258064484,377.55,50.806451612903224,49.193548387096776
LICI,0.4442852589769064,193.0,39,62,1.6129032258064484,849.4,49.193548387096776,50.806451612903224
RKFORGE,0.363520022367414,194.0,39,62,11.29032258064516,551.8,44.354838709677416,55.64516129032258
GAIL,0.3358911709333334,195.0,39,62,4.838709677419345,169.53,47.58064516129033,52.41935483870967
ICICIGI,0.23074203534558801,196.0,40,61,-3.225806451612897,1901.5,51.61290322580645,48.38709677419355
ALIVUS,0.09708628425704191,197.0,40,61,9.677419354838712,911.8,45.16129032258064,54.83870967741935
PEL,0.0,198.0,40,61,-6.666666666666671,1124.2,53.333333333333336,46.666666666666664
ABSLAMC,-0.017945335166624776,199.0,40,61,0.8064516129032242,893.6,49.193548387096776,50.0
CGPOWER,-0.06107801686737746,200.0,40,61,16.12903225806452,725.2,41.935483870967744,58.06451612903226
BHARTIARTL,-0.14911702710900254,201.0,41,60,1.6129032258064484,1879.3,49.193548387096776,50.806451612903224
GSPL,-0.16717525011954448,202.0,41,60,10.483870967741936,304.75,44.354838709677416,54.83870967741935
HDFCAMC,-0.18327348815410094,203.0,41,60,4.032258064516121,2698.6,47.58064516129033,51.61290322580645
SOBHA,-0.212798849904694,204.0,41,60,14.516129032258071,1395.1,42.74193548387097,57.25806451612904
KOTAKBANK,-0.3436238385580159,205.0,41,60,9.677419354838712,415.2,44.354838709677416,54.03225806451613
APOLLOHOSP,-0.4831447666422628,206.0,42,59,8.064516129032256,7821.5,45.96774193548387,54.03225806451613
MGL,-0.5256297100421525,207.0,42,59,-1.6129032258064484,1219.8,50.806451612903224,49.193548387096776
AMBER,-0.6336973469894702,208.0,42,59,-8.064516129032256,7974.0,54.03225806451613,45.96774193548387
PFIZER,-0.7145317193489986,209.0,42,59,14.516129032258071,5062.2,42.74193548387097,57.25806451612904
KPIL,-0.7429380986625156,210.0,42,59,9.677419354838712,1240.1,44.354838709677416,54.03225806451613
WELCORP,-0.9786935965688137,211.0,43,58,17.741935483870968,825.25,41.12903225806452,58.87096774193549
NH,-0.9850480710738463,212.0,43,58,19.354838709677423,1830.9,40.32258064516129,59.67741935483871
NSLNISP,-1.2646040160417482,213.0,43,58,9.677419354838712,40.57,45.16129032258064,54.83870967741935
BLUEDART,-1.316691033631845,214.0,43,58,16.12903225806452,5682.5,41.935483870967744,58.06451612903226
BLUESTARCO,-1.3250431632195858,215.0,43,58,6.451612903225801,1941.2,46.774193548387096,53.2258064516129
ASTRAZEN,-1.3255879465934428,216.0,44,57,-7.258064516129025,8849.0,53.2258064516129,45.96774193548387
GLAND,-1.42763569655866,217.0,44,57,9.677419354838712,1822.2,45.16129032258064,54.83870967741935
AEGISLOG,-1.5143605169183338,218.0,44,57,20.967741935483872,688.45,39.516129032258064,60.483870967741936
ADANIENT,-1.5628411513840756,219.0,44,57,5.6451612903225765,2161.8,46.774193548387096,52.41935483870967
TATACOMM,-1.6051289163868332,220.0,44,57,-2.4193548387096726,1597.5,50.806451612903224,48.38709677419355
APOLLOTYRE,-1.701598606618382,221.0,45,56,12.903225806451623,454.05,43.54838709677419,56.451612903225815
ICICIBANK,-2.30189012539308,222.0,45,56,8.064516129032256,1378.9,45.96774193548387,54.03225806451613
LTFOODS,-2.344055166172798,223.0,45,56,4.838709677419345,402.3,47.58064516129033,52.41935483870967
TATAINVEST,-2.4560449781821037,224.0,45,56,17.741935483870968,658.7,41.12903225806452,58.87096774193549
SBICARD,-2.5806490005087834,225.0,45,56,4.838709677419352,774.4,46.774193548387096,51.61290322580645
COLPAL,-2.645933982829496,226.0,46,55,6.451612903225801,2254.5,46.774193548387096,53.2258064516129
EMCURE,-2.722158405231001,227.0,46,55,4.838709677419345,1455.5,47.58064516129033,52.41935483870967
DABUR,-2.850600776018486,228.0,46,55,10.483870967741936,518.5,44.354838709677416,54.83870967741935
DOMS,-3.0117173106538497,229.0,46,55,11.29032258064516,2332.0,44.354838709677416,55.64516129032258
CAMPUS,-3.218994271301545,230.0,46,55,1.6129032258064484,259.55,48.38709677419355,50.0
SOLARINDS,-3.259525460577839,231.0,47,54,6.451612903225801,13504.0,46.774193548387096,53.2258064516129
ASIANPAINT,-3.388123194446624,232.0,47,54,1.6129032258064484,2376.2,49.193548387096776,50.806451612903224
LICHSGFIN,-3.511236845395038,233.0,47,54,0.0,537.75,49.193548387096776,49.193548387096776
IRB,-3.608153538118386,234.0,47,54,0.8064516129032242,41.71,49.193548387096776,50.0
COROMANDEL,-3.6119745892176036,235.0,47,54,0.0,2220.0,50.0,50.0
BBTC,-3.7125607361203627,236.0,48,53,8.870967741935488,1694.2,45.16129032258064,54.03225806451613
THERMAX,-3.825385653561375,237.0,48,53,4.838709677419345,3117.8,47.58064516129033,52.41935483870967
KPRMILL,-4.1665765632110885,238.0,48,53,16.12903225806452,897.8,41.935483870967744,58.06451612903226
IOB,-4.171135769418221,239.0,48,53,11.29032258064516,36.45,44.354838709677416,55.64516129032258
NHPC,-4.343979041874357,240.0,48,53,11.29032258064516,75.33,44.354838709677416,55.64516129032258
MRF,-4.3456220186074646,241.0,49,52,16.935483870967744,140985.0,41.12903225806452,58.06451612903226
GODIGIT,-4.350666282568927,242.0,49,52,4.838709677419345,335.75,47.58064516129033,52.41935483870967
PIDILITIND,-4.635622842904475,243.0,49,52,4.838709677419352,1492.0,46.774193548387096,51.61290322580645
ANANTRAJ,-4.7248893265486425,244.0,49,52,4.032258064516121,529.8,47.58064516129033,51.61290322580645
NIVABUPA,-4.773191223444373,245.0,49,52,16.12903225806452,75.09,41.12903225806452,57.25806451612904
RAILTEL,-4.863296570040854,246.0,50,51,21.774193548387096,313.65,38.70967741935484,60.483870967741936
JSWENERGY,-5.040946490668263,247.0,50,51,-1.6129032258064484,487.75,50.806451612903224,49.193548387096776
GRAVITA,-5.271864383747027,248.0,50,51,8.064516129032256,1613.0,45.96774193548387,54.03225806451613
TRITURBINE,-5.280761391041455,249.0,50,51,11.29032258064516,489.2,44.354838709677416,55.64516129032258
ITI,-5.2840569923985115,250.0,50,51,19.354838709677423,270.3,40.32258064516129,59.67741935483871
CASTROLIND,-5.358964816268563,251.0,51,50,14.516129032258071,186.91,42.74193548387097,57.25806451612904
JSWHL,-5.651312523927876,252.0,51,50,4.838709677419345,16587.0,47.58064516129033,52.41935483870967
HCLTECH,-5.900540924190123,253.0,51,50,-4.838709677419345,1389.1,52.41935483870967,47.58064516129033
RADICO,-6.119090186459186,254.0,51,50,-1.6129032258064484,2649.5,50.806451612903224,49.193548387096776
RECLTD,-6.400512515017809,255.0,51,50,-1.6129032258064484,349.8,50.0,48.38709677419355
AADHARHFC,-6.43397760624469,256.0,52,49,4.838709677419345,458.95,47.58064516129033,52.41935483870967
MAXHEALTH,-6.532958148145262,257.0,52,49,1.6129032258064484,1091.95,49.193548387096776,50.806451612903224
OBEROIRLTY,-6.643922906148491,258.0,52,49,3.225806451612897,1522.8,48.38709677419355,51.61290322580645
DELHIVERY,-6.847075231684274,259.0,52,49,-6.451612903225801,433.4,53.2258064516129,46.774193548387096
DEEPAKNTR,-7.081980114970654,260.0,52,49,17.741935483870968,1580.7,41.12903225806452,58.87096774193549
BAJAJHLDNG,-7.192456460651753,261.0,53,48,9.677419354838712,10804.0,44.354838709677416,54.03225806451613
ZYDUSLIFE,-7.2099924611581105,262.0,53,48,1.6129032258064484,921.7,49.193548387096776,50.806451612903224
HDFCBANK,-7.2657593212127285,263.0,53,48,12.903225806451623,887.75,43.54838709677419,56.451612903225815
GODREJCP,-7.430811217305,264.0,53,48,-4.838709677419345,1217.5,52.41935483870967,47.58064516129033
SHYAMMETL,-7.4521397132625955,265.0,53,48,1.6129032258064484,860.3,49.193548387096776,50.806451612903224
RHIM,-7.5665601640249935,266.0,54,47,20.161290322580648,434.65,39.516129032258064,59.67741935483871
JINDALSAW,-7.646625586534572,267.0,54,47,16.12903225806452,185.37,41.935483870967744,58.06451612903226
CREDITACC,-7.752465015912069,268.0,54,47,4.838709677419345,1265.2,47.58064516129033,52.41935483870967
NBCC,-7.759360006273641,269.0,54,47,11.29032258064516,92.67,44.354838709677416,55.64516129032258
VIJAYA,-7.882918112795934,270.0,54,47,9.677419354838712,1004.5,45.16129032258064,54.83870967741935
TRIDENT,-7.963759110005886,271.0,55,46,25.80645161290323,25.58,37.096774193548384,62.903225806451616
GUJGASLTD,-8.006285874142005,272.0,55,46,12.903225806451623,407.4,43.54838709677419,56.451612903225815
MANKIND,-8.09994183142001,273.0,55,46,9.677419354838712,2247.6,45.16129032258064,54.83870967741935
NAVA,-8.114374480976661,274.0,55,46,11.29032258064516,595.6,44.354838709677416,55.64516129032258
HAL,-8.115708122452714,275.0,55,46,-3.225806451612897,3913.2,51.61290322580645,48.38709677419355
HDFCLIFE,-8.26857341408951,276.0,56,45,8.064516129032256,715.3,45.96774193548387,54.03225806451613
ZFCVINDIA,-8.314243090928464,277.0,56,45,12.903225806451623,15164.0,43.54838709677419,56.451612903225815
INDGN,-8.370591500699165,278.0,56,45,8.064516129032256,496.3,45.96774193548387,54.03225806451613
CDSL,-8.424484951432277,279.0,56,45,11.29032258064516,1272.2,44.354838709677416,55.64516129032258
CONCOR,-8.496544378305227,280.0,56,45,1.6129032258064484,495.65,48.38709677419355,50.0
COCHINSHIP,-8.580273867536835,281.0,57,44,12.903225806451623,1491.7,43.54838709677419,56.451612903225815
IRCON,-8.596017902901753,282.0,57,44,17.741935483870968,143.61,41.12903225806452,58.87096774193549
HFCL,-8.623002000846858,283.0,57,44,11.29032258064516,68.51,44.354838709677416,55.64516129032258
LLOYDSME,-8.62697966381063,284.0,57,44,25.80645161290323,1233.0,37.096774193548384,62.903225806451616
JBMA,-8.694164192410646,285.0,57,44,19.354838709677423,551.35,40.32258064516129,59.67741935483871
ZENTEC,-8.720387050797385,286.0,58,43,4.838709677419345,1359.9,47.58064516129033,52.41935483870967
VGUARD,-8.765196533367947,287.0,58,43,12.903225806451623,313.2,43.54838709677419,56.451612903225815
GLAXO,-8.855879656379894,288.0,58,43,9.677419354838712,2571.6,45.16129032258064,54.83870967741935
BDL,-8.99910856050371,289.0,58,43,9.677419354838712,1265.2,45.16129032258064,54.83870967741935
HAVELLS,-9.037733284375582,290.0,58,43,6.451612903225801,1397.1,46.774193548387096,53.2258064516129
IGIL,-9.280910324522672,291.0,59,42,12.903225806451623,330.0,43.54838709677419,56.451612903225815
BAYERCROP,-9.375042318597215,292.0,59,42,11.29032258064516,4672.4,44.354838709677416,55.64516129032258
UBL,-9.441035922805362,293.0,59,42,12.096774193548384,1605.0,43.54838709677419,55.64516129032258
TBOTEK,-9.589518830221689,294.0,59,42,1.6129032258064484,1225.8,49.193548387096776,50.806451612903224
BEML,-9.605154885910206,295.0,59,42,11.29032258064516,1681.0,44.354838709677416,55.64516129032258
UPL,-9.63431530001635,296.0,60,41,-5.6451612903225765,637.4,52.41935483870967,46.774193548387096
JYOTICNC,-9.731797296545963,297.0,60,41,12.096774193548384,820.45,43.54838709677419,55.64516129032258
SARDAEN,-9.79514033589176,298.0,60,41,-3.225806451612897,551.6,51.61290322580645,48.38709677419355
SIGNATURE,-9.8205511687828,299.0,60,41,4.838709677419345,989.8,47.58064516129033,52.41935483870967
CAMS,-9.993698152396636,300.0,60,41,8.870967741935488,677.6,45.16129032258064,54.03225806451613
VBL,-10.120719234055231,301.0,61,40,4.838709677419345,451.4,47.58064516129033,52.41935483870967
NEULANDLAB,-10.336368299609989,302.0,61,40,22.58064516129032,12825.0,38.70967741935484,61.29032258064516
BOSCHLTD,-10.38828424070266,303.0,61,40,16.12903225806452,36425.0,41.935483870967744,58.06451612903226
ITC,-10.42936192998627,304.0,61,40,13.709677419354847,313.6,42.74193548387097,56.451612903225815
SAGILITY,-10.625558069196995,305.0,61,40,4.838709677419352,39.55,46.774193548387096,51.61290322580645
SHREECEM,-10.668586881698017,306.0,62,39,1.6129032258064484,26075.0,48.38709677419355,50.0
UNOMINDA,-10.807267355844253,307.0,62,39,4.032258064516121,1188.5,47.58064516129033,51.61290322580645
TECHM,-10.843368299879163,308.0,62,39,-6.451612903225801,1357.8,52.41935483870967,45.96774193548387
WAAREEENER,-10.854198680806649,309.0,62,39,6.451612903225801,2709.3,46.774193548387096,53.2258064516129
IRFC,-10.917659724896566,310.0,62,39,8.064516129032256,103.55,45.96774193548387,54.03225806451613
AMBUJACEM,-10.932348543481208,311.0,63,38,3.225806451612897,500.4,48.38709677419355,51.61290322580645
BHARTIHEXA,-11.052774288256629,312.0,63,38,-1.6129032258064484,1606.9,50.806451612903224,49.193548387096776
GODREJPROP,-11.0935217471686,313.0,63,38,-3.225806451612897,1731.0,50.806451612903224,47.58064516129033
ACC,-11.332093927613007,314.0,63,38,8.064516129032256,1592.4,45.96774193548387,54.03225806451613
MAHSEAMLES,-11.414235357659507,315.0,63,38,3.225806451612897,562.0,48.38709677419355,51.61290322580645
PVRINOX,-11.58490805609751,316.0,64,37,11.29032258064516,1022.2,44.354838709677416,55.64516129032258
JWL,-11.67824617674893,317.0,64,37,25.0,267.2,37.096774193548384,62.096774193548384
HINDUNILVR,-11.679614477065947,318.0,64,37,4.838709677419345,2338.1,47.58064516129033,52.41935483870967
SRF,-11.779419328170471,319.0,64,37,3.225806451612897,2562.2,48.38709677419355,51.61290322580645
HYUNDAI,-12.036951106953019,320.0,64,37,1.6129032258064484,2165.4,49.193548387096776,50.806451612903224
FINPIPE,-12.13951732499925,321.0,65,36,8.064516129032256,185.25,45.96774193548387,54.03225806451613
MAZDOCK,-12.346727355698018,322.0,65,36,9.677419354838712,2224.9,45.16129032258064,54.83870967741935
HOMEFIRST,-12.402534424671085,323.0,65,36,9.677419354838712,1083.1,45.16129032258064,54.83870967741935
INDHOTEL,-12.438943562234062,324.0,65,36,-6.451612903225801,667.05,52.41935483870967,45.96774193548387
ENDURANCE,-12.705609985604372,325.0,65,36,3.225806451612897,2661.7,48.38709677419355,51.61290322580645
PATANJALI,-12.740262672486946,326.0,66,35,-4.838709677419345,508.0,52.41935483870967,47.58064516129033
GILLETTE,-12.742880803500235,327.0,66,35,30.64516129032257,8342.5,34.67741935483871,65.32258064516128
BALRAMCHIN,-13.091112721763665,328.0,66,35,11.29032258064516,470.6,44.354838709677416,55.64516129032258
AAVAS,-13.230107087775789,329.0,66,35,9.677419354838712,1285.6,45.16129032258064,54.83870967741935
GODREJAGRO,-13.23189079602274,330.0,66,35,20.967741935483872,640.25,39.516129032258064,60.483870967741936
TIINDIA,-13.34574858688139,331.0,67,34,11.29032258064516,2753.4,44.354838709677416,55.64516129032258
KFINTECH,-13.500673786559314,332.0,67,34,9.677419354838712,956.7,45.16129032258064,54.83870967741935
METROPOLIS,-13.984216086463974,333.0,67,34,8.870967741935488,475.95,45.16129032258064,54.03225806451613
DALBHARAT,-14.072522657641562,334.0,67,34,18.5483870967742,1993.0,40.32258064516129,58.87096774193549
RITES,-14.091072857882692,335.0,67,34,12.096774193548384,213.91,43.54838709677419,55.64516129032258
IREDA,-14.137174055270618,336.0,68,33,17.741935483870968,122.25,41.12903225806452,58.87096774193549
CARBORUNIV,-14.147953349491216,337.0,68,33,19.354838709677423,823.25,40.32258064516129,59.67741935483871
ACMESOLAR,-14.164606319330563,338.0,68,33,14.516129032258071,236.0,42.74193548387097,57.25806451612904
DMART,-14.415567787622319,339.0,68,33,3.225806451612897,3847.6,48.38709677419355,51.61290322580645
CRISIL,-14.57094637135057,340.0,68,33,14.516129032258071,4376.4,42.74193548387097,57.25806451612904
HBLENGINE,-14.593861484381932,341.0,69,32,0.0,684.75,50.0,50.0
CHAMBLFERT,-14.66901940415266,342.0,69,32,12.096774193548384,461.25,43.54838709677419,55.64516129032258
CGCL,-14.733743718169379,343.0,69,32,8.064516129032256,159.68,45.96774193548387,54.03225806451613
NTPCGREEN,-14.845257249113942,344.0,69,32,9.677419354838712,90.14,45.16129032258064,54.83870967741935
TITAGARH,-14.861255806081196,345.0,69,32,12.903225806451623,700.95,43.54838709677419,56.451612903225815
JSWINFRA,-14.88436077530394,346.0,70,31,8.064516129032256,254.8,45.96774193548387,54.03225806451613
IKS,-14.921793078019164,347.0,70,31,8.064516129032256,1375.8,45.96774193548387,54.03225806451613
SWANCORP,-14.92351105507762,348.0,70,31,17.741935483870968,382.4,41.12903225806452,58.87096774193549
JKCEMENT,-14.931867014932788,349.0,70,31,16.12903225806452,5656.0,41.935483870967744,58.06451612903226
KANSAINER,-14.960291293522598,350.0,70,31,20.967741935483872,203.51,39.516129032258064,60.483870967741936
HUDCO,-15.018340080380298,351.0,71,30,0.0,186.75,50.0,50.0
TMPV,-15.196602368765156,352.0,71,30,18.5483870967742,382.65,40.32258064516129,58.87096774193549
DCMSHRIRAM,-15.231195765574002,353.0,71,30,19.354838709677423,1037.2,40.32258064516129,59.67741935483871
INDIGO,-15.257532054472678,354.0,71,30,3.225806451612897,4827.2,48.38709677419355,51.61290322580645
PAYTM,-15.283560532545849,355.0,71,30,6.451612903225801,1098.3,46.774193548387096,53.2258064516129
PCBL,-15.335926681952106,356.0,72,29,29.032258064516128,309.4,35.483870967741936,64.51612903225806
INFY,-15.38979100705793,357.0,72,29,10.483870967741936,1300.1,44.354838709677416,54.83870967741935
CIPLA,-15.449690178689545,358.0,72,29,-1.6129032258064484,1348.2,50.806451612903224,49.193548387096776
RENUKA,-15.468006652913646,359.0,72,29,16.935483870967744,24.31,41.12903225806452,58.06451612903226
ESCORTS,-15.633295054191155,360.0,72,29,17.741935483870968,3518.6,41.12903225806452,58.87096774193549
LODHA,-15.671928041655303,361.0,73,28,10.483870967741936,988.25,44.354838709677416,54.83870967741935
GNFC,-15.718329203649562,362.0,73,28,17.741935483870968,454.9,41.12903225806452,58.87096774193549
TATAELXSI,-15.901353312391253,363.0,73,28,9.677419354838712,4513.0,45.16129032258064,54.83870967741935
ABBOTINDIA,-15.958825540331645,364.0,73,28,11.29032258064516,26530.0,42.74193548387097,54.03225806451613
TATATECH,-16.006782563167434,365.0,73,28,7.258064516129025,585.45,45.96774193548387,53.2258064516129
IEX,-16.07593825428353,366.0,74,27,8.870967741935488,125.64,45.16129032258064,54.03225806451613
ALOKINDS,-16.131058209064907,367.0,74,27,28.225806451612904,14.3,34.67741935483871,62.903225806451616
SUPREMEIND,-16.251027551977902,368.0,74,27,16.12903225806452,3975.2,41.935483870967744,58.06451612903226
JIOFIN,-16.346262229448485,369.0,74,27,8.87096774193548,255.4,44.354838709677416,53.2258064516129
PERSISTENT,-16.521968644926243,370.0,74,27,4.838709677419345,4733.0,47.58064516129033,52.41935483870967
BERGEPAINT,-16.72035933201923,371.0,75,26,14.516129032258071,456.1,42.74193548387097,57.25806451612904
EIDPARRY,-16.899846076934445,372.0,75,26,12.903225806451623,865.2,43.54838709677419,56.451612903225815
TCS,-16.992749192147073,373.0,75,26,4.838709677419345,2637.4,47.58064516129033,52.41935483870967
FACT,-17.04061059188978,374.0,75,26,19.354838709677423,743.45,40.32258064516129,59.67741935483871
MOTILALOFS,-17.072131221190045,375.0,75,26,19.354838709677423,725.15,40.32258064516129,59.67741935483871
PRESTIGE,-17.087548421367416,376.0,76,25,4.838709677419345,1393.0,47.58064516129033,52.41935483870967
SUNDRMFAST,-17.097889337340135,377.0,76,25,16.12903225806452,873.15,41.935483870967744,58.06451612903226
VMM,-17.141486407880425,378.0,76,25,16.935483870967744,117.78,41.12903225806452,58.06451612903226
BIKAJI,-17.169409728687423,379.0,76,25,14.516129032258071,638.15,42.74193548387097,57.25806451612904
PPLPHARMA,-17.246344897099398,380.0,76,25,9.677419354838712,156.13,45.16129032258064,54.83870967741935
SKFINDIA,-17.372907098908286,381.0,77,24,22.58064516129032,1737.5,38.70967741935484,61.29032258064516
RCF,-17.390209404547875,382.0,77,24,11.29032258064516,126.78,44.354838709677416,55.64516129032258
IGL,-17.46317636637704,383.0,77,24,16.12903225806452,170.86,41.935483870967744,58.06451612903226
SBFC,-17.473948819652374,384.0,77,24,2.4193548387096726,93.09,48.38709677419355,50.806451612903224
ARE&M,-17.565365863412687,385.0,77,24,5.6451612903225765,844.95,46.774193548387096,52.41935483870967
POLICYBZR,-17.61445596393901,386.0,78,23,8.064516129032256,1481.6,45.96774193548387,54.03225806451613
JUBLFOOD,-17.680383718982885,387.0,78,23,13.709677419354847,519.9,42.74193548387097,56.451612903225815
ATGL,-17.78869141500016,388.0,78,23,19.354838709677423,512.0,40.32258064516129,59.67741935483871
IRCTC,-17.92086308345391,389.0,78,23,3.225806451612897,569.55,48.38709677419355,51.61290322580645
PIIND,-18.148325553215027,390.0,78,23,6.451612903225801,3117.3,46.774193548387096,53.2258064516129
EMAMILTD,-18.234925912797873,391.0,79,22,17.741935483870968,462.6,41.12903225806452,58.87096774193549
LTTS,-18.2469524983113,392.0,79,22,3.225806451612897,3512.4,48.38709677419355,51.61290322580645
RAYMONDLSL,-18.303686304153487,393.0,79,22,20.967741935483872,880.6,39.516129032258064,60.483870967741936
DLF,-18.879675834944585,394.0,79,22,3.225806451612897,603.85,48.38709677419355,51.61290322580645
HONAUT,-19.09260652066812,395.0,79,22,20.161290322580648,30975.0,39.516129032258064,59.67741935483871
ACE,-19.125790851163448,396.0,80,21,9.677419354838712,884.7,45.16129032258064,54.83870967741935
RAINBOW,-19.291838729586054,397.0,80,21,14.516129032258071,1189.7,42.74193548387097,57.25806451612904
JPPOWER,-19.342134984846837,398.0,80,21,29.032258064516128,15.25,35.483870967741936,64.51612903225806
KIRLOSBROS,-19.511806342131898,399.0,80,21,19.354838709677423,1582.8,40.32258064516129,59.67741935483871
INDIAMART,-19.637187853863114,400.0,80,21,13.709677419354847,2132.0,42.74193548387097,56.451612903225815
JUBLINGREA,-19.66873519519352,401.0,81,20,14.516129032258071,585.4,42.74193548387097,57.25806451612904
AIIL,-19.82706223434567,402.0,81,20,22.58064516129032,481.85,38.70967741935484,61.29032258064516
TATACHEM,-19.852776430267948,403.0,81,20,24.19354838709677,717.4,37.903225806451616,62.096774193548384
EXIDEIND,-20.20835290490588,404.0,81,20,14.516129032258071,334.3,42.74193548387097,57.25806451612904
CHOLAHLDNG,-20.260020223672537,405.0,81,20,12.903225806451623,1634.1,43.54838709677419,56.451612903225815
APTUS,-20.289456185135958,406.0,82,19,19.354838709677423,244.0,40.32258064516129,59.67741935483871
OFSS,-20.545560156879272,407.0,82,19,14.516129032258071,6932.0,42.74193548387097,57.25806451612904
KAJARIACER,-20.592273778540694,408.0,82,19,14.516129032258071,957.1,42.74193548387097,57.25806451612904
NIACL,-20.711681225737323,409.0,82,19,16.935483870967744,147.3,41.12903225806452,58.06451612903226
WHIRLPOOL,-20.743015249403285,410.0,82,19,9.677419354838712,921.85,45.16129032258064,54.83870967741935
ABFRL,-20.767490731453954,411.0,83,18,20.967741935483872,66.93,39.516129032258064,60.483870967741936
MEDANTA,-20.822463755361987,412.0,83,18,9.677419354838712,1138.8,45.16129032258064,54.83870967741935
PRAJIND,-20.89952526726172,413.0,83,18,22.58064516129032,317.95,38.70967741935484,61.29032258064516
ZEEL,-21.33646077013521,414.0,83,18,11.29032258064516,87.45,44.354838709677416,55.64516129032258
LALPATHLAB,-21.47258224861499,415.0,83,18,19.354838709677423,1399.9,40.32258064516129,59.67741935483871
SJVN,-21.509525076592016,416.0,84,17,22.58064516129032,73.03,38.70967741935484,61.29032258064516
CAPLIPOINT,-21.82783424520054,417.0,84,17,8.064516129032256,1700.1,45.96774193548387,54.03225806451613
FIVESTAR,-22.30809648515175,418.0,84,17,18.5483870967742,417.15,40.32258064516129,58.87096774193549
ELECON,-22.345198434420777,419.0,84,17,14.516129032258071,415.85,42.74193548387097,57.25806451612904
GODREJIND,-22.367475278672877,420.0,84,17,-0.8064516129032242,993.05,50.0,49.193548387096776
AWL,-22.394433081803232,421.0,85,16,25.0,189.1,37.096774193548384,62.096774193548384
CERA,-22.484951754780635,422.0,85,16,14.516129032258071,4886.4,42.74193548387097,57.25806451612904
LATENTVIEW,-22.704525631142147,423.0,85,16,16.935483870967744,337.2,41.12903225806452,58.06451612903226
WOCKPHARMA,-22.914499451843596,424.0,85,16,19.354838709677423,1361.9,40.32258064516129,59.67741935483871
DEEPAKFERT,-23.18491848150782,425.0,85,16,14.516129032258071,996.0,42.74193548387097,57.25806451612904
JUBLPHARMA,-23.185873800478873,426.0,86,15,16.12903225806452,866.3,41.935483870967744,58.06451612903226
SUZLON,-23.257633206045835,427.0,86,15,16.12903225806452,42.67,41.12903225806452,57.25806451612904
JYOTHYLAB,-23.27645625239153,428.0,86,15,17.741935483870968,253.46,41.12903225806452,58.87096774193549
WIPRO,-23.277777741283888,429.0,86,15,4.838709677419345,200.96,47.58064516129033,52.41935483870967
ABREL,-23.658987622113713,430.0,86,15,22.58064516129032,1290.2,38.70967741935484,61.29032258064516
CROMPTON,-23.680568010125736,431.0,87,14,27.41935483870968,257.85,36.29032258064516,63.70967741935484
TECHNOE,-23.801052537712152,432.0,87,14,12.903225806451623,1173.2,43.54838709677419,56.451612903225815
BAJAJHFL,-23.86926555262382,433.0,87,14,29.838709677419352,87.04,34.67741935483871,64.51612903225806
KALYANKJIL,-24.017232782210584,434.0,87,14,12.903225806451623,410.1,43.54838709677419,56.451612903225815
EIHOTEL,-24.026252703942664,435.0,87,14,17.741935483870968,313.55,41.12903225806452,58.87096774193549
CHALET,-24.112479114788954,436.0,88,13,14.516129032258071,808.1,42.74193548387097,57.25806451612904
KEC,-24.194657154662668,437.0,88,13,17.741935483870968,585.3,41.12903225806452,58.87096774193549
UTIAMC,-24.297527077208937,438.0,88,13,9.677419354838712,987.3,45.16129032258064,54.83870967741935
PREMIERENE,-24.55590487744843,439.0,88,13,12.903225806451623,731.0,43.54838709677419,56.451612903225815
MPHASIS,-24.877584611664073,440.0,88,13,1.6129032258064484,2296.5,49.193548387096776,50.806451612903224
SONATSOFTW,-25.053329636619537,441.0,89,12,8.064516129032256,268.2,45.96774193548387,54.03225806451613
ERIS,-25.12493713284374,442.0,89,12,19.354838709677423,1358.3,40.32258064516129,59.67741935483871
BRIGADE,-25.35944233618659,443.0,89,12,22.58064516129032,694.05,38.70967741935484,61.29032258064516
GODFRYPHLP,-25.797852150030444,444.0,89,12,17.741935483870968,2115.4,41.12903225806452,58.87096774193549
CYIENT,-25.803385219684117,445.0,89,12,16.12903225806452,914.7,41.935483870967744,58.06451612903226
ETERNAL,-26.01113903910761,446.0,90,11,0.8064516129032242,246.3,49.193548387096776,50.0
ZENSARTECH,-26.14259942913315,447.0,90,11,8.064516129032256,564.75,45.96774193548387,54.03225806451613
CONCORDBIO,-26.32161139575454,448.0,90,11,16.12903225806452,1220.6,41.935483870967744,58.06451612903226
APLLTD,-26.56011194184441,449.0,90,11,16.12903225806452,711.2,41.935483870967744,58.06451612903226
TEJASNET,-26.68364289867369,450.0,90,11,27.41935483870968,435.85,36.29032258064516,63.70967741935484
PAGEIND,-26.96585270637786,451.0,91,10,24.19354838709677,32110.0,37.903225806451616,62.096774193548384
ALKYLAMINE,-27.09459982221567,452.0,91,10,28.225806451612904,1484.3,35.483870967741936,63.70967741935484
TTML,-27.432871523977198,453.0,91,10,34.67741935483871,41.59,32.25806451612903,66.93548387096774
DEVYANI,-27.82107009672494,454.0,91,10,20.967741935483872,127.44,39.516129032258064,60.483870967741936
BASF,-27.88174553414332,455.0,91,10,30.64516129032257,3452.1,34.67741935483871,65.32258064516128
NAUKRI,-28.17533332094566,456.0,92,9,20.967741935483872,1029.6,39.516129032258064,60.483870967741936
BLS,-28.519852898815557,457.0,92,9,26.612903225806456,278.7,36.29032258064516,62.903225806451616
KNRCON,-28.70023547548277,458.0,92,9,29.032258064516128,132.73,35.483870967741936,64.51612903225806
WESTLIFE,-29.084794019300396,459.0,92,9,24.19354838709677,494.85,37.903225806451616,62.096774193548384
NCC,-29.244902922605288,460.0,92,9,10.483870967741936,152.64,44.354838709677416,54.83870967741935
INTELLECT,-29.26676105639793,461.0,93,8,12.903225806451623,697.6,43.54838709677419,56.451612903225815
DBREALTY,-29.377030931142777,462.0,93,8,24.19354838709677,113.78,37.903225806451616,62.096774193548384
BATAINDIA,-29.531286127347222,463.0,93,8,27.41935483870968,789.0,36.29032258064516,63.70967741935484
TRENT,-29.702041615295403,464.0,93,8,14.516129032258071,3899.5,42.74193548387097,57.25806451612904
AFFLE,-30.174343757622303,465.0,93,8,13.709677419354847,1377.2,42.74193548387097,56.451612903225815
TANLA,-30.42978485830008,466.0,94,7,17.741935483870968,455.0,41.12903225806452,58.87096774193549
JUSTDIAL,-30.588182092709694,467.0,94,7,30.64516129032257,550.15,34.67741935483871,65.32258064516128
SWIGGY,-31.13658070015487,468.0,94,7,17.741935483870968,301.75,41.12903225806452,58.87096774193549
SAREGAMA,-31.655719324175568,469.0,94,7,22.58064516129032,333.0,38.70967741935484,61.29032258064516
ECLERX,-32.603634118040326,470.0,94,7,9.677419354838712,1586.2,45.16129032258064,54.83870967741935
JMFINANCIL,-32.97652384940237,471.0,95,6,16.12903225806452,127.74,41.935483870967744,58.06451612903226
INOXWIND,-33.036067900522944,472.0,95,6,15.322580645161295,92.13,41.935483870967744,57.25806451612904
CLEAN,-33.11037816985264,473.0,95,6,20.967741935483872,735.15,39.516129032258064,60.483870967741936
COFORGE,-33.397123687431716,474.0,95,6,6.451612903225801,1185.8,46.774193548387096,53.2258064516129
AFCONS,-33.68413762262746,475.0,95,6,19.354838709677423,292.15,40.32258064516129,59.67741935483871
SYNGENE,-33.71558718619401,476.0,96,5,11.29032258064516,422.2,44.354838709677416,55.64516129032258
SUMICHEM,-33.72404407706492,477.0,96,5,16.935483870967744,401.15,41.12903225806452,58.06451612903226
SWSOLAR,-33.912814608686936,478.0,96,5,16.12903225806452,197.99,41.935483870967744,58.06451612903226
MAPMYINDIA,-34.0332795882169,479.0,96,5,15.322580645161295,1034.1,41.935483870967744,57.25806451612904
POLYMED,-34.70043552353276,480.0,96,5,33.87096774193549,1256.1,33.064516129032256,66.93548387096774
PNCINFRA,-34.764183314339846,481.0,97,4,25.80645161290323,206.79,37.096774193548384,62.903225806451616
LEMONTREE,-34.90956807524702,482.0,97,4,9.677419354838712,113.67,45.16129032258064,54.83870967741935
OLECTRA,-35.03111556704259,483.0,97,4,16.935483870967744,997.1,41.12903225806452,58.06451612903226
HAPPSTMNDS,-35.12784530267885,484.0,97,4,20.967741935483872,359.8,39.516129032258064,60.483870967741936
RAYMOND,-36.14711471149214,485.0,97,4,24.19354838709677,400.8,37.903225806451616,62.096774193548384
NETWORK18,-36.178129603441754,486.0,98,3,25.80645161290323,33.33,37.096774193548384,62.903225806451616
FIRSTCRY,-36.625871323881654,487.0,98,3,14.516129032258071,217.4,42.74193548387097,57.25806451612904
KPITTECH,-38.196465081934626,488.0,98,3,14.516129032258071,771.1,42.74193548387097,57.25806451612904
SAPPHIRE,-38.2099158903601,489.0,98,3,25.80645161290323,204.29,37.096774193548384,62.903225806451616
FSL,-38.3542063395777,490.0,98,3,11.29032258064516,213.15,44.354838709677416,55.64516129032258
DIXON,-38.9035979127636,491.0,99,2,15.322580645161295,10528.0,41.935483870967744,57.25806451612904
MASTEK,-39.16429751731278,492.0,99,2,29.032258064516128,1584.6,35.483870967741936,64.51612903225806
RPOWER,-40.3383534296258,493.0,99,2,20.967741935483872,23.97,39.516129032258064,60.483870967741936
KAYNES,-40.943021703547146,494.0,99,2,9.677419354838712,3856.5,45.16129032258064,54.83870967741935
ROUTE,-41.28239590427748,495.0,99,2,34.67741935483871,507.95,32.25806451612903,66.93548387096774
TARIL,-41.76488452338215,496.0,100,1,21.774193548387096,310.14,38.70967741935484,60.483870967741936
NEWGEN,-42.986719826947294,497.0,100,1,35.48387096774193,508.75,32.25806451612903,67.74193548387096
MANYAVAR,-46.5611389900496,498.0,100,1,30.64516129032257,389.95,34.67741935483871,65.32258064516128
RTNINDIA,-52.033440564465636,499.0,100,1,37.096774193548384,28.69,31.451612903225808,68.54838709677419
OLAELEC,-59.36762854154265,500.0,100,1,33.87096774193549,25.22,33.064516129032256,66.93548387096774
COHANCE,-62.48186405640405,501.0,101,0,25.80645161290323,309.95,37.096774193548384,62.903225806451616
